{
   "layout": "LAYOUT_4X",
   "thrust_map": "MN1806_1400KV_4S",
   "orientation": "ORIENTATION_X_FORWARD",
   "v_nominal": 11.1000,
   "feedback_hz": 100,
   "enable_logging": false,
   "num_dsm_modes": 3,
   "flight_mode_1": "TEST_BENCH_4DOF",
   "flight_mode_2": "TEST_BENCH_6DOF",
   "flight_mode_3": "DIRECT_THROTTLE_4DOF",
   "dsm_thr_ch": 1,
   "dsm_thr_pol": 1,
   "dsm_roll_ch": 2,
   "dsm_roll_pol": 1,
   "dsm_pitch_ch": 3,
   "dsm_pitch_pol": 1,
   "dsm_yaw_ch": 4,
   "dsm_yaw_pol": 1,
   "dsm_mode_ch": 5,
   "dsm_mode_pol": 1,
   "dsm_kill_mode": "DSM_KILL_NEGATIVE_THROTTLE",
   "dsm_kill_ch": 6,
   "dsm_kill_pol": 1,
   "printf_arm": true,
   "printf_altitude": false,
   "printf_rpy": true,
   "printf_sticks": true,
   "printf_setpoint": false,
   "printf_u": false,
   "printf_motors": false,
   "printf_mode": true,
   "roll_controller": {
     "gain": 1,
     "CT_or_DT": "CT",
     "crossover_freq_rad_per_sec": 6.2830000000000004,
     "numerator": [
       0.10000000000000001,
       0.20000000000000001,
       0.29999999999999999
     ],
     "denominator": [
       0.10000000000000001,
       0.20000000000000001,
       0.29999999999999999
     ]
   },
   "pitch_controller": {
     "gain": 1,
     "CT_or_DT": "CT",
     "crossover_freq_rad_per_sec": 6.2830000000000004,
     "numerator": [
       0.10000000000000001,
       0.20000000000000001,
       0.29999999999999999
     ],
     "denominator": [
       0.10000000000000001,
       0.20000000000000001,
       0.29999999999999999
     ]
   },
   "yaw_controller": {
     "gain": 1,
     "CT_or_DT": "CT",
     "crossover_freq_rad_per_sec": 3.141,
     "numerator": [
       0.10000000000000001,
       0.20000000000000001,
       0.29999999999999999
     ],
     "denominator": [
       0.10000000000000001,
       0.20000000000000001,
       0.29999999999999999
     ]
   },
   "altitude_controller": {
     "gain": 1,
     "CT_or_DT": "CT",
     "crossover_freq_rad_per_sec": 0.62829999999999997,
     "numerator": [
       0.10000000000000001,
       0.20000000000000001,
       0.29999999999999999
     ],
     "denominator": [
       0.10000000000000001,
       0.20000000000000001,
       0.29999999999999999
     ]
   }
 }